Name,Platform,Year_of_Release,Mean Playing time
The 7th Guest,PC,1992,0
The 7th Guest,PC,1992,0
Sonic CD,SCD,1993,2
Sonic CD,SCD,1993,1
Monopoly,PC,1994,5
Monopoly,PC,1994,5
Tomb Raider,PS,1996,16
Tomb Raider,PC,1996,16
Descent,PS,1996,7
Tomb Raider,PS,1996,12
Tomb Raider,PC,1996,12
Descent,PS,1996,3
Half-Life,PC,1997,6
Grand Theft Auto,PS,1997,0
Tomb Raider II,PS,1997,1
Tomb Raider II,PC,1997,1
MDK,PS,1997,1
Monopoly,PS,1997,5
Half-Life,PC,1997,2
Grand Theft Auto,PS,1997,0
Tomb Raider II,PS,1997,2
Tomb Raider II,PC,1997,2
MDK,PS,1997,1
Monopoly,PS,1997,5
Quake II,PS,1998,3
Quake,N64,1998,3
Grand Theft Auto 2,PS,1998,3
Shadow Man,PS,1998,0
Colin McRae Rally,PS,1998,3
Quake II,PS,1998,2
Quake,N64,1998,2
Grand Theft Auto 2,PS,1998,0
Shadow Man,PS,1998,0
Colin McRae Rally,PS,1998,3
The Longest Journey,PC,1999,4
Worms Armageddon,PS,1999,4
Worms Armageddon,N64,1999,4
Quake II,N64,1999,3
Tomb Raider Chronicles,PS,1999,2
Shadow Man,N64,1999,0
Monopoly,N64,1999,5
The Longest Journey,PC,1999,1
Worms Armageddon,PS,1999,2
Worms Armageddon,N64,1999,2
Quake II,N64,1999,2
Tomb Raider Chronicles,PS,1999,2
Shadow Man,N64,1999,0
Monopoly,N64,1999,5
Crazy Taxi,DC,2000,1
Crazy Taxi,DC,2000,1
Half-Life,PS2,2001,6
Grand Theft Auto III,PS2,2001,4
Red Faction,PS2,2001,2
Max Payne,PS2,2001,5
Max Payne,XB,2001,5
Max Payne,PC,2001,5
Crazy Taxi,PS2,2001,1
Crazy Taxi,GC,2001,1
Darkstone,PS,2001,19
Half-Life,PS2,2001,2
Grand Theft Auto III,PS2,2001,1
Red Faction,PS2,2001,2
Max Payne,PS2,2001,1
Max Payne,XB,2001,1
Max Payne,PC,2001,1
Crazy Taxi,PS2,2001,1
Crazy Taxi,GC,2001,1
Darkstone,PS,2001,19
Chessmaster,GBA,2002,2
Enclave,XB,2002,3
Grand Theft Auto III,PC,2002,4
Syberia,PC,2002,3
Tom Clancy's Splinter Cell,XB,2002,1
Mafia,PC,2002,9
Wolfenstein 3D,GBA,2002,0
Red Faction II,PS2,2002,4
Gun Metal,XB,2002,4
Impossible Creatures,PC,2002,1
Tom Clancy's Ghost Recon,PS2,2002,0
Tom Clancy's Ghost Recon,XB,2002,0
BloodRayne,PS2,2002,7
BloodRayne,XB,2002,7
BloodRayne,GC,2002,7
Chessmaster,GBA,2002,2
Enclave,XB,2002,1
Grand Theft Auto III,PC,2002,1
Syberia,PC,2002,3
Tom Clancy's Splinter Cell,XB,2002,1
Mafia,PC,2002,8
Wolfenstein 3D,GBA,2002,0
Red Faction II,PS2,2002,3
Gun Metal,XB,2002,4
Impossible Creatures,PC,2002,1
Tom Clancy's Ghost Recon,PS2,2002,0
Tom Clancy's Ghost Recon,XB,2002,0
BloodRayne,PS2,2002,7
BloodRayne,XB,2002,7
BloodRayne,GC,2002,7
Counter-Strike,XB,2003,236
EVE Online,PC,2003,35
Chessmaster,PS2,2003,2
Ikaruga,GC,2003,2
Syberia,XB,2003,3
Tom Clancy's Splinter Cell,PS2,2003,1
Tom Clancy's Splinter Cell,GC,2003,1
Tom Clancy's Splinter Cell,GBA,2003,1
Railroad Tycoon 3,PC,2003,4
Max Payne,GBA,2003,5
Arx Fatalis,XB,2003,12
Red Faction II,XB,2003,4
Red Faction II,GC,2003,4
Beyond Good & Evil,PS2,2003,5
Beyond Good & Evil,XB,2003,5
Beyond Good & Evil,GC,2003,5
Praetorians,PC,2003,0
RollerCoaster Tycoon,XB,2003,1
Post Mortem,PC,2003,2
Midnight Club II,PS2,2003,7
Midnight Club II,XB,2003,7
Tom Clancy's Ghost Recon,GC,2003,0
Counter-Strike,XB,2003,9
EVE Online,PC,2003,21
Chessmaster,PS2,2003,2
Ikaruga,GC,2003,2
Syberia,XB,2003,3
Tom Clancy's Splinter Cell,PS2,2003,1
Tom Clancy's Splinter Cell,GC,2003,1
Tom Clancy's Splinter Cell,GBA,2003,1
Railroad Tycoon 3,PC,2003,1
Max Payne,GBA,2003,1
Arx Fatalis,XB,2003,1
Red Faction II,XB,2003,3
Red Faction II,GC,2003,3
Beyond Good & Evil,PS2,2003,1
Beyond Good & Evil,XB,2003,1
Beyond Good & Evil,GC,2003,1
Praetorians,PC,2003,0
RollerCoaster Tycoon,XB,2003,1
Post Mortem,PC,2003,2
Midnight Club II,PS2,2003,8
Midnight Club II,XB,2003,8
Tom Clancy's Ghost Recon,GC,2003,0
Half-Life 2,PC,2004,12
Chessmaster,XB,2004,2
Full Spectrum Warrior,XB,2004,7
Far Cry,PC,2004,4
Evil Genius,PC,2004,17
Grand Theft Auto,GBA,2004,0
The Bard's Tale,PS2,2004,3
The Bard's Tale,XB,2004,3
Guilty Gear X2 #Reload,XB,2004,1
Unreal Tournament 2004,PC,2004,4
Knights of Honor,PC,2004,40
Mafia,PS2,2004,9
Mafia,XB,2004,9
FlatOut,PS2,2004,1
FlatOut,XB,2004,1
Obscure,PS2,2004,8
Obscure,XB,2004,8
Ford Racing 3,PS2,2004,1
Ford Racing 3,XB,2004,1
Port Royale 2,PC,2004,44
Guilty Gear Isuka,PS2,2004,2
BloodRayne 2,PS2,2004,3
BloodRayne 2,XB,2004,3
Half-Life 2,PC,2004,7
Chessmaster,XB,2004,2
Full Spectrum Warrior,XB,2004,7
Far Cry,PC,2004,1
Evil Genius,PC,2004,14
Grand Theft Auto,GBA,2004,0
The Bard's Tale,PS2,2004,1
The Bard's Tale,XB,2004,1
Guilty Gear X2 #Reload,XB,2004,1
Unreal Tournament 2004,PC,2004,2
Knights of Honor,PC,2004,21
Mafia,PS2,2004,8
Mafia,XB,2004,8
FlatOut,PS2,2004,1
FlatOut,XB,2004,1
Obscure,PS2,2004,8
Obscure,XB,2004,8
Ford Racing 3,PS2,2004,1
Ford Racing 3,XB,2004,1
Port Royale 2,PC,2004,44
Guilty Gear Isuka,PS2,2004,2
BloodRayne 2,PS2,2004,3
BloodRayne 2,XB,2004,3
Half-Life 2,XB,2005,12
Psychonauts,XB,2005,5
Psychonauts,PS2,2005,5
The Movies,PC,2005,15
Indigo Prophecy,PS2,2005,11
Indigo Prophecy,XB,2005,11
Indigo Prophecy,PC,2005,11
Sid Meier's Civilization IV,PC,2005,19
Battlefield 2,PC,2005,14
Full Spectrum Warrior,PS2,2005,7
Guild Wars,PC,2005,148
Sid Meier's Pirates!,XB,2005,7
Sniper Elite,PS2,2005,27
Sniper Elite,XB,2005,27
Sniper Elite,PC,2005,27
Sacred Gold,PC,2005,2
Call of Duty 2,X360,2005,5
Call of Duty 2,PC,2005,5
Quake 4,X360,2005,1
Quake 4,PC,2005,1
Silent Hunter III,PC,2005,4
Dollar Dash,PS2,2005,1
Stubbs the Zombie in Rebel Without a Pulse,XB,2005,3
Guild Wars Trilogy,PC,2005,10
Still Life,XB,2005,0
Ford Racing 3,DS,2005,1
Ford Racing 3,GBA,2005,1
Shattered Union,XB,2005,116
Imperial Glory,PC,2005,170
Half-Life 2,XB,2005,7
Psychonauts,XB,2005,3
Psychonauts,PS2,2005,3
The Movies,PC,2005,15
Indigo Prophecy,PS2,2005,10
Indigo Prophecy,XB,2005,10
Indigo Prophecy,PC,2005,10
Sid Meier's Civilization IV,PC,2005,6
Battlefield 2,PC,2005,2
Full Spectrum Warrior,PS2,2005,7
Guild Wars,PC,2005,7
Sid Meier's Pirates!,XB,2005,5
Sniper Elite,PS2,2005,2
Sniper Elite,XB,2005,2
Sniper Elite,PC,2005,2
Sacred Gold,PC,2005,1
Call of Duty 2,X360,2005,2
Call of Duty 2,PC,2005,2
Quake 4,X360,2005,0
Quake 4,PC,2005,0
Silent Hunter III,PC,2005,3
Dollar Dash,PS2,2005,1
Stubbs the Zombie in Rebel Without a Pulse,XB,2005,3
Guild Wars Trilogy,PC,2005,10
Still Life,XB,2005,0
Ford Racing 3,DS,2005,1
Ford Racing 3,GBA,2005,1
Shattered Union,XB,2005,116
Imperial Glory,PC,2005,170
Company of Heroes,PC,2006,10
F.E.A.R.,X360,2006,6
Just Cause,X360,2006,6
Just Cause,PC,2006,6
Just Cause,PS2,2006,6
Titan Quest,PC,2006,4
Prey,X360,2006,4
Prey,PC,2006,4
FlatOut 2,PS2,2006,2
FlatOut 2,XB,2006,2
Gothic 3,PC,2006,20
Sid Meier's Railroads!,PC,2006,9
Bejeweled 2 Deluxe,PC,2006,1
DarkStar One,PC,2006,14
Stronghold Legends,PC,2006,4
Platypus,PSP,2006,3
Call of Juarez,PC,2006,6
Rogue Trooper,PS2,2006,5
Rogue Trooper,XB,2006,5
Tom Clancy's Ghost Recon Advanced Warfighter,X360,2006,19
Tom Clancy's Ghost Recon Advanced Warfighter,XB,2006,19
Company of Heroes,PC,2006,3
F.E.A.R.,X360,2006,2
Just Cause,X360,2006,2
Just Cause,PC,2006,2
Just Cause,PS2,2006,2
Titan Quest,PC,2006,1
Prey,X360,2006,4
Prey,PC,2006,4
FlatOut 2,PS2,2006,1
FlatOut 2,XB,2006,1
Gothic 3,PC,2006,17
Sid Meier's Railroads!,PC,2006,4
Bejeweled 2 Deluxe,PC,2006,0
DarkStar One,PC,2006,14
Stronghold Legends,PC,2006,1
Platypus,PSP,2006,3
Call of Juarez,PC,2006,6
Rogue Trooper,PS2,2006,5
Rogue Trooper,XB,2006,5
Tom Clancy's Ghost Recon Advanced Warfighter,X360,2006,19
Tom Clancy's Ghost Recon Advanced Warfighter,XB,2006,19
BioShock,X360,2007,8
BioShock,PC,2007,8
F.E.A.R.,PS3,2007,6
Mass Effect,X360,2007,38
Crysis,PC,2007,7
F.E.A.R. Perseus Mandate,PC,2007,5
Supreme Commander,PC,2007,16
Assassin's Creed,X360,2007,12
Assassin's Creed,PS3,2007,12
Overlord,X360,2007,14
Overlord,PC,2007,14
Sid Meier's Pirates!,PSP,2007,7
DiRT,PS3,2007,4
DiRT,X360,2007,4
DiRT,PC,2007,4
World in Conflict,PC,2007,1
TimeShift,X360,2007,4
TimeShift,PS3,2007,4
TimeShift,PC,2007,4
Hospital Tycoon,PC,2007,2
Worms,X360,2007,1
Call of Juarez,X360,2007,6
Clive Barker's Jericho,X360,2007,8
Clive Barker's Jericho,PS3,2007,8
Clive Barker's Jericho,PC,2007,8
Tom Clancy's Ghost Recon Advanced Warfighter 2,PS3,2007,0
Tom Clancy's Ghost Recon Advanced Warfighter 2,X360,2007,0
Tom Clancy's Ghost Recon Advanced Warfighter 2,PSP,2007,0
BioShock,X360,2007,2
BioShock,PC,2007,2
F.E.A.R.,PS3,2007,2
Mass Effect,X360,2007,12
Crysis,PC,2007,3
F.E.A.R. Perseus Mandate,PC,2007,4
Supreme Commander,PC,2007,5
Assassin's Creed,X360,2007,7
Assassin's Creed,PS3,2007,7
Overlord,X360,2007,4
Overlord,PC,2007,4
Sid Meier's Pirates!,PSP,2007,5
DiRT,PS3,2007,4
DiRT,X360,2007,4
DiRT,PC,2007,4
World in Conflict,PC,2007,1
TimeShift,X360,2007,3
TimeShift,PS3,2007,3
TimeShift,PC,2007,3
Hospital Tycoon,PC,2007,1
Worms,X360,2007,1
Call of Juarez,X360,2007,6
Clive Barker's Jericho,X360,2007,8
Clive Barker's Jericho,PS3,2007,8
Clive Barker's Jericho,PC,2007,8
Tom Clancy's Ghost Recon Advanced Warfighter 2,PS3,2007,0
Tom Clancy's Ghost Recon Advanced Warfighter 2,X360,2007,0
Tom Clancy's Ghost Recon Advanced Warfighter 2,PSP,2007,0
Spore,PC,2008,29
Left 4 Dead,X360,2008,42
Left 4 Dead,PC,2008,42
Grand Theft Auto IV,X360,2008,21
Grand Theft Auto IV,PS3,2008,21
Grand Theft Auto IV,PC,2008,21
BioShock,PS3,2008,8
Mirror's Edge,X360,2008,4
Mirror's Edge,PS3,2008,4
Dead Space,PS3,2008,5
Dead Space,X360,2008,5
Dead Space,PC,2008,5
Mass Effect,PC,2008,38
Far Cry 2,X360,2008,6
Far Cry 2,PS3,2008,6
Far Cry 2,PC,2008,6
Valkyria Chronicles,PS3,2008,10
World of Goo,PC,2008,2
Saints Row 2,X360,2008,27
Saints Row 2,PS3,2008,27
GRID,PS3,2008,23
GRID,X360,2008,23
Peggle Nights,PC,2008,5
The Last Remnant,X360,2008,16
Mortal Kombat Kollection,PS2,2008,2
Legendary,X360,2008,1
Legendary,PS3,2008,1
Legendary,PC,2008,1
Supreme Commander,X360,2008,16
Assassin's Creed,PC,2008,12
Tom Clancy's EndWar,X360,2008,2
Tom Clancy's EndWar,PS3,2008,2
Tom Clancy's EndWar,PSP,2008,2
Tom Clancy's EndWar,DS,2008,2
Fallout 3,X360,2008,18
Fallout 3,PS3,2008,18
Fallout 3,PC,2008,18
Mount & Blade,PC,2008,25
Syberia,DS,2008,3
Devil May Cry 4,PS3,2008,6
Devil May Cry 4,X360,2008,6
Devil May Cry 4,PC,2008,6
Alone in the Dark,X360,2008,0
Alone in the Dark,Wii,2008,0
Alone in the Dark,PS2,2008,0
Alone in the Dark,PC,2008,0
Prince of Persia,PS3,2008,1
Prince of Persia,X360,2008,1
NBA 2K9,X360,2008,33
NBA 2K9,PS3,2008,33
NBA 2K9,PS2,2008,33
Euro Truck Simulator,PC,2008,1
Hotel Giant 2,PC,2008,44
The Void,PC,2008,1
GTR Evolution,PC,2008,7
Crazy Machines,DS,2008,1
Monopoly,Wii,2008,5
Monopoly,X360,2008,5
Monopoly,PS2,2008,5
Monopoly,PS3,2008,5
Blitzkrieg 2 Anthology,PC,2008,7
The Club,X360,2008,1
The Club,PS3,2008,1
Dream Pinball 3D,Wii,2008,0
Dream Pinball 3D,DS,2008,0
Jack Keane,PC,2008,2
Worldwide Soccer Manager 2009,PC,2008,295
Spore,PC,2008,7
Left 4 Dead,X360,2008,8
Left 4 Dead,PC,2008,8
Grand Theft Auto IV,X360,2008,8
Grand Theft Auto IV,PS3,2008,8
Grand Theft Auto IV,PC,2008,8
BioShock,PS3,2008,2
Mirror's Edge,X360,2008,2
Mirror's Edge,PS3,2008,2
Dead Space,PS3,2008,2
Dead Space,X360,2008,2
Dead Space,PC,2008,2
Mass Effect,PC,2008,12
Far Cry 2,X360,2008,2
Far Cry 2,PS3,2008,2
Far Cry 2,PC,2008,2
Valkyria Chronicles,PS3,2008,5
World of Goo,PC,2008,1
Saints Row 2,X360,2008,5
Saints Row 2,PS3,2008,5
GRID,PS3,2008,3
GRID,X360,2008,3
Peggle Nights,PC,2008,4
The Last Remnant,X360,2008,5
Mortal Kombat Kollection,PS2,2008,1
Legendary,X360,2008,1
Legendary,PS3,2008,1
Legendary,PC,2008,1
Supreme Commander,X360,2008,5
Assassin's Creed,PC,2008,7
Tom Clancy's EndWar,X360,2008,1
Tom Clancy's EndWar,PS3,2008,1
Tom Clancy's EndWar,PSP,2008,1
Tom Clancy's EndWar,DS,2008,1
Fallout 3,X360,2008,7
Fallout 3,PS3,2008,7
Fallout 3,PC,2008,7
Mount & Blade,PC,2008,6
Syberia,DS,2008,3
Devil May Cry 4,PS3,2008,4
Devil May Cry 4,X360,2008,4
Devil May Cry 4,PC,2008,4
Alone in the Dark,X360,2008,0
Alone in the Dark,Wii,2008,0
Alone in the Dark,PS2,2008,0
Alone in the Dark,PC,2008,0
Prince of Persia,PS3,2008,1
Prince of Persia,X360,2008,1
NBA 2K9,X360,2008,3
NBA 2K9,PS3,2008,3
NBA 2K9,PS2,2008,3
Euro Truck Simulator,PC,2008,0
Hotel Giant 2,PC,2008,44
The Void,PC,2008,1
GTR Evolution,PC,2008,7
Crazy Machines,DS,2008,2
Monopoly,Wii,2008,5
Monopoly,X360,2008,5
Monopoly,PS2,2008,5
Monopoly,PS3,2008,5
Blitzkrieg 2 Anthology,PC,2008,1
The Club,X360,2008,1
The Club,PS3,2008,1
Dream Pinball 3D,Wii,2008,0
Dream Pinball 3D,DS,2008,0
Jack Keane,PC,2008,2
Left 4 Dead 2,X360,2009,42
Left 4 Dead 2,PC,2009,42
Assassin's Creed II,PS3,2009,28
Assassin's Creed II,X360,2009,28
Mirror's Edge,PC,2009,4
Trine,PC,2009,6
Machinarium,PC,2009,4
Braid,PC,2009,3
Saints Row 2,PC,2009,27
The Book of Unwritten Tales,PC,2009,10
DiRT 2,PS3,2009,11
DiRT 2,X360,2009,11
DiRT 2,Wii,2009,11
DiRT 2,PSP,2009,11
DiRT 2,DS,2009,11
DiRT 2,PC,2009,11
4 Elements,PC,2009,15
CID The Dummy,PSP,2009,4
CID The Dummy,Wii,2009,4
Borderlands,X360,2009,32
Borderlands,PS3,2009,32
Borderlands,PC,2009,32
Torchlight,PC,2009,23
Men of War,PC,2009,24
The Last Remnant,PC,2009,16
Risen,X360,2009,13
Risen,PC,2009,13
Football Manager 2010,PC,2009,375
Rogue Warrior,PS3,2009,2
Rogue Warrior,X360,2009,2
Overlord II,X360,2009,11
Overlord II,PS3,2009,11
Overlord II,PC,2009,11
Hearts of Iron III,PC,2009,57
Street Fighter IV,PS3,2009,9
Street Fighter IV,X360,2009,9
Tom Clancy's EndWar,PC,2009,2
Mini Ninjas,Wii,2009,5
Mini Ninjas,PS3,2009,5
Mini Ninjas,DS,2009,5
Mini Ninjas,X360,2009,5
Mini Ninjas,PC,2009,5
15 Days,PC,2009,1
X-Blades,X360,2009,3
X-Blades,PS3,2009,3
World of Zoo,DS,2009,1
World of Zoo,Wii,2009,1
World of Zoo,PC,2009,1
Order of War,PC,2009,5
Demigod,PC,2009,13
MLB Front Office Manager,PS3,2009,32
MLB Front Office Manager,X360,2009,32
Terminator Salvation,PS3,2009,4
Terminator Salvation,X360,2009,4
East India Company,PC,2009,50
Stormrise,PS3,2009,0
Stormrise,X360,2009,0
Stormrise,PC,2009,0
Section 8,X360,2009,14
Section 8,PC,2009,14
Velvet Assassin,X360,2009,2
MX vs. ATV Reflex,PS3,2009,5
MX vs. ATV Reflex,X360,2009,5
MX vs. ATV Reflex,PSP,2009,5
MX vs. ATV Reflex,DS,2009,5
Damnation,PS3,2009,0
Damnation,X360,2009,0
Elven Legacy,PC,2009,9
Worms,PS3,2009,1
Dawn of Discovery,PC,2009,9
Dawn of Discovery,Wii,2009,9
Dawn of Discovery,DS,2009,9
Wolfenstein,PS3,2009,26
Wolfenstein,X360,2009,26
Wolfenstein,PC,2009,26
The Whispered World,PC,2009,2
Bionic Commando,PS3,2009,1
Bionic Commando,X360,2009,1
Championship Manager 2010,PC,2009,11
Left 4 Dead 2,X360,2009,11
Left 4 Dead 2,PC,2009,11
Assassin's Creed II,PS3,2009,23
Assassin's Creed II,X360,2009,23
Mirror's Edge,PC,2009,2
Trine,PC,2009,3
Machinarium,PC,2009,2
Braid,PC,2009,2
Saints Row 2,PC,2009,5
The Book of Unwritten Tales,PC,2009,3
DiRT 2,PS3,2009,9
DiRT 2,X360,2009,9
DiRT 2,Wii,2009,9
DiRT 2,PSP,2009,9
DiRT 2,DS,2009,9
DiRT 2,PC,2009,9
4 Elements,PC,2009,10
CID The Dummy,PSP,2009,4
CID The Dummy,Wii,2009,4
Borderlands,X360,2009,14
Borderlands,PS3,2009,14
Borderlands,PC,2009,14
Torchlight,PC,2009,7
Men of War,PC,2009,11
The Last Remnant,PC,2009,5
Risen,X360,2009,10
Risen,PC,2009,10
Football Manager 2010,PC,2009,96
Rogue Warrior,PS3,2009,2
Rogue Warrior,X360,2009,2
Overlord II,X360,2009,3
Overlord II,PS3,2009,3
Overlord II,PC,2009,3
Hearts of Iron III,PC,2009,7
Street Fighter IV,PS3,2009,9
Street Fighter IV,X360,2009,9
Tom Clancy's EndWar,PC,2009,1
Mini Ninjas,Wii,2009,5
Mini Ninjas,PS3,2009,5
Mini Ninjas,DS,2009,5
Mini Ninjas,X360,2009,5
Mini Ninjas,PC,2009,5
15 Days,PC,2009,1
X-Blades,X360,2009,2
X-Blades,PS3,2009,2
World of Zoo,DS,2009,1
World of Zoo,Wii,2009,1
World of Zoo,PC,2009,1
Order of War,PC,2009,2
Demigod,PC,2009,2
MLB Front Office Manager,PS3,2009,6
MLB Front Office Manager,X360,2009,6
Terminator Salvation,PS3,2009,4
Terminator Salvation,X360,2009,4
East India Company,PC,2009,50
Stormrise,PS3,2009,0
Stormrise,X360,2009,0
Stormrise,PC,2009,0
Section 8,X360,2009,2
Section 8,PC,2009,2
Velvet Assassin,X360,2009,1
MX vs. ATV Reflex,PS3,2009,1
MX vs. ATV Reflex,X360,2009,1
MX vs. ATV Reflex,PSP,2009,1
MX vs. ATV Reflex,DS,2009,1
Damnation,PS3,2009,0
Damnation,X360,2009,0
Elven Legacy,PC,2009,11
Worms,PS3,2009,1
Dawn of Discovery,PC,2009,9
Dawn of Discovery,Wii,2009,9
Dawn of Discovery,DS,2009,9
Wolfenstein,PS3,2009,26
Wolfenstein,X360,2009,26
Wolfenstein,PC,2009,26
The Whispered World,PC,2009,2
Bionic Commando,PS3,2009,1
Bionic Commando,X360,2009,1
Championship Manager 2010,PC,2009,11
Sid Meier's Civilization V,PC,2010,180
Assassin's Creed II,PC,2010,28
Just Cause 2,PS3,2010,19
Just Cause 2,X360,2010,19
Just Cause 2,PC,2010,19
Metro 2033,X360,2010,9
Metro 2033,PC,2010,9
Mafia II,X360,2010,25
Mafia II,PS3,2010,25
Mafia II,PC,2010,25
Darksiders,X360,2010,13
Darksiders,PC,2010,13
Darksiders,PS3,2010,13
Worms Reloaded,PC,2010,7
Alan Wake,X360,2010,12
Puzzler World 2,DS,2010,19
Bejeweled 3,PC,2010,15
Singularity,PC,2010,10
Blur,PS3,2010,7
Blur,X360,2010,7
Blur,PC,2010,7
Mass Effect 2,X360,2010,45
Mass Effect 2,PC,2010,45
BioShock 2,X360,2010,8
BioShock 2,PS3,2010,8
Fable III,X360,2010,34
Football Manager 2011,PC,2010,366
Farming Simulator 2011,PC,2010,55
Supreme Commander 2,X360,2010,45
Supreme Commander 2,PC,2010,45
Dead Rising 2,X360,2010,6
Dead Rising 2,PS3,2010,6
Dead Rising 2,PC,2010,6
Sid Meier's Pirates!,Wii,2010,7
Dragon's Lair,DS,2010,1
Star Trek Online,PC,2010,70
Sniper Elite,Wii,2010,27
Alpha Protocol,PS3,2010,4
Alpha Protocol,X360,2010,4
Alpha Protocol,PC,2010,4
Lost Planet 2,PS3,2010,4
Lost Planet 2,X360,2010,4
Lost Planet 2,PC,2010,4
F1 2010,PS3,2010,19
F1 2010,X360,2010,19
F1 2010,PC,2010,19
Front Mission Evolved,PS3,2010,8
Front Mission Evolved,X360,2010,8
Front Mission Evolved,PC,2010,8
Emergency 2012,PC,2010,46
Emergency 2012,DS,2010,46
Cities XL 2011,PC,2010,11
Dark Void,PS3,2010,0
Dark Void,X360,2010,0
Dark Void,PC,2010,0
Ship Simulator Extremes,PC,2010,15
Lost Horizon,PC,2010,19
Puzzle Chronicles,PSP,2010,1
Haunted House,Wii,2010,0
Crazy Machines,Wii,2010,1
Monopoly,DS,2010,5
Split/Second,PS3,2010,4
Split/Second,X360,2010,4
Split/Second,PSP,2010,4
Split/Second,PC,2010,4
Puzzle Quest 2,DS,2010,1
NBA 2K11,X360,2010,0
NBA 2K11,PS3,2010,0
NBA 2K11,Wii,2010,0
NBA 2K11,PSP,2010,0
NBA 2K11,PS2,2010,0
NBA 2K11,PC,2010,0
Tom Clancy's Ghost Recon,Wii,2010,0
Sid Meier's Civilization V,PC,2010,37
Assassin's Creed II,PC,2010,23
Just Cause 2,PS3,2010,4
Just Cause 2,X360,2010,4
Just Cause 2,PC,2010,4
Metro 2033,X360,2010,3
Metro 2033,PC,2010,3
Mafia II,X360,2010,16
Mafia II,PS3,2010,16
Mafia II,PC,2010,16
Darksiders,X360,2010,5
Darksiders,PC,2010,5
Darksiders,PS3,2010,5
Worms Reloaded,PC,2010,2
Alan Wake,X360,2010,3
Puzzler World 2,DS,2010,19
Bejeweled 3,PC,2010,6
Singularity,PC,2010,10
Blur,PS3,2010,3
Blur,X360,2010,3
Blur,PC,2010,3
Mass Effect 2,X360,2010,27
Mass Effect 2,PC,2010,27
BioShock 2,X360,2010,5
BioShock 2,PS3,2010,5
Fable III,X360,2010,28
Football Manager 2011,PC,2010,162
Farming Simulator 2011,PC,2010,16
Supreme Commander 2,X360,2010,19
Supreme Commander 2,PC,2010,19
Dead Rising 2,X360,2010,5
Dead Rising 2,PS3,2010,5
Dead Rising 2,PC,2010,5
Sid Meier's Pirates!,Wii,2010,5
Dragon's Lair,DS,2010,0
Star Trek Online,PC,2010,18
Sniper Elite,Wii,2010,2
Alpha Protocol,PS3,2010,2
Alpha Protocol,X360,2010,2
Alpha Protocol,PC,2010,2
Lost Planet 2,PS3,2010,4
Lost Planet 2,X360,2010,4
Lost Planet 2,PC,2010,4
F1 2010,PS3,2010,19
F1 2010,X360,2010,19
F1 2010,PC,2010,19
Front Mission Evolved,PS3,2010,6
Front Mission Evolved,X360,2010,6
Front Mission Evolved,PC,2010,6
Emergency 2012,PC,2010,46
Emergency 2012,DS,2010,46
Cities XL 2011,PC,2010,7
Dark Void,PS3,2010,0
Dark Void,X360,2010,0
Dark Void,PC,2010,0
Ship Simulator Extremes,PC,2010,2
Lost Horizon,PC,2010,25
Puzzle Chronicles,PSP,2010,1
Haunted House,Wii,2010,0
Crazy Machines,Wii,2010,2
Monopoly,DS,2010,5
Split/Second,PS3,2010,4
Split/Second,X360,2010,4
Split/Second,PSP,2010,4
Split/Second,PC,2010,4
Puzzle Quest 2,DS,2010,1
NBA 2K11,X360,2010,0
NBA 2K11,PS3,2010,0
NBA 2K11,Wii,2010,0
NBA 2K11,PSP,2010,0
NBA 2K11,PS2,2010,0
NBA 2K11,PC,2010,0
Tom Clancy's Ghost Recon,Wii,2010,0
L.A. Noire,PS3,2011,16
L.A. Noire,X360,2011,16
Portal 2,X360,2011,20
Portal 2,PS3,2011,20
Portal 2,PC,2011,20
Tropico 4,PC,2011,25
DiRT 3,PS3,2011,14
DiRT 3,X360,2011,14
DiRT 3,PC,2011,14
Dead Island,X360,2011,14
Dead Island,PS3,2011,14
Dead Island,PC,2011,14
Sonic Generations,PS3,2011,21
Sonic Generations,X360,2011,21
Sonic Generations,3DS,2011,21
Sonic Generations,PC,2011,21
Dungeon Defenders,PC,2011,34
APB Reloaded,PC,2011,67
Terraria,PC,2011,65
The Wolf Among Us,X360,2011,10
Trine 2,PC,2011,6
Magicka,PC,2011,11
Stronghold 3,PC,2011,10
Mass Effect 2,PS3,2011,45
DC Universe Online,PS3,2011,30
DC Universe Online,PC,2011,30
RIFT,PC,2011,42
Anno 2070,PC,2011,29
Might & Magic Heroes VI,PC,2011,101
Trapped Dead,PC,2011,1
Duke Nukem Forever,X360,2011,10
Duke Nukem Forever,PS3,2011,10
Duke Nukem Forever,PC,2011,10
Two Worlds II,X360,2011,14
Two Worlds II,PS3,2011,14
Two Worlds II,PC,2011,14
Dead Space 2,X360,2011,10
Dead Space 2,PS3,2011,10
Dead Space 2,PC,2011,10
F.E.A.R. 3,PS3,2011,8
F.E.A.R. 3,X360,2011,8
F.E.A.R. 3,PC,2011,8
Fable III,PC,2011,34
Stronghold Kingdoms,PC,2011,100
Football Manager 2012,PC,2011,390
Football Manager 2012,PSP,2011,390
Homefront,X360,2011,13
Homefront,PS3,2011,13
Homefront,PC,2011,13
Majesty 2 Collection,PC,2011,23
Sengoku,PC,2011,3
Way of the Samurai 4,PS3,2011,3
Bulletstorm,X360,2011,13
Bulletstorm,PS3,2011,13
Bulletstorm,PC,2011,13
Dungeon Siege III,PS3,2011,6
Dungeon Siege III,X360,2011,6
Dungeon Siege III,PC,2011,6
Airline Tycoon 2,PC,2011,6
Cities XL 2012,PC,2011,43
Rocksmith,PS3,2011,13
Rocksmith,X360,2011,13
Cities in Motion,PC,2011,24
The Cursed Crusade,PS3,2011,1
The Cursed Crusade,X360,2011,1
The Cursed Crusade,PC,2011,1
Take On Helicopters,PC,2011,8
Rayman Origins,PS3,2011,12
Rayman Origins,X360,2011,12
Rayman Origins,Wii,2011,12
Age of Empires Online,PC,2011,83
Dragon Age II,X360,2011,75
Dragon Age II,PS3,2011,75
Dragon Age II,PC,2011,75
F1 2011,PS3,2011,16
F1 2011,X360,2011,16
F1 2011,PC,2011,16
F1 2011,3DS,2011,16
F1 2011,PSV,2011,16
Virtua Tennis 4,PS3,2011,3
Virtua Tennis 4,X360,2011,3
Virtua Tennis 4,Wii,2011,3
Virtua Tennis 4,PC,2011,3
Darkspore,PC,2011,25
Crysis 2,X360,2011,22
Crysis 2,PS3,2011,22
Crysis 2,PC,2011,22
The Next BIG Thing,PC,2011,1
Ski Region Simulator,PC,2011,6
Gray Matter,PC,2011,13
Gray Matter,X360,2011,13
Wildlife Park 3,PC,2011,4
NBA 2K12,X360,2011,91
NBA 2K12,PS3,2011,91
NBA 2K12,Wii,2011,91
NBA 2K12,PSP,2011,91
NBA 2K12,PC,2011,91
Breach,PC,2011,4
L.A. Noire,PS3,2011,6
L.A. Noire,X360,2011,6
Portal 2,X360,2011,11
Portal 2,PS3,2011,11
Portal 2,PC,2011,11
Tropico 4,PC,2011,14
DiRT 3,PS3,2011,3
DiRT 3,X360,2011,3
DiRT 3,PC,2011,3
Dead Island,X360,2011,8
Dead Island,PS3,2011,8
Dead Island,PC,2011,8
Sonic Generations,PS3,2011,2
Sonic Generations,X360,2011,2
Sonic Generations,3DS,2011,2
Sonic Generations,PC,2011,2
Dungeon Defenders,PC,2011,8
APB Reloaded,PC,2011,3
Terraria,PC,2011,20
The Wolf Among Us,X360,2011,8
Trine 2,PC,2011,3
Magicka,PC,2011,6
Stronghold 3,PC,2011,6
Mass Effect 2,PS3,2011,27
DC Universe Online,PS3,2011,4
DC Universe Online,PC,2011,4
RIFT,PC,2011,6
Anno 2070,PC,2011,14
Might & Magic Heroes VI,PC,2011,17
Trapped Dead,PC,2011,1
Duke Nukem Forever,X360,2011,9
Duke Nukem Forever,PS3,2011,9
Duke Nukem Forever,PC,2011,9
Two Worlds II,X360,2011,4
Two Worlds II,PS3,2011,4
Two Worlds II,PC,2011,4
Dead Space 2,X360,2011,6
Dead Space 2,PS3,2011,6
Dead Space 2,PC,2011,6
F.E.A.R. 3,PS3,2011,4
F.E.A.R. 3,X360,2011,4
F.E.A.R. 3,PC,2011,4
Fable III,PC,2011,28
Stronghold Kingdoms,PC,2011,1
Football Manager 2012,PC,2011,247
Football Manager 2012,PSP,2011,247
Homefront,X360,2011,5
Homefront,PS3,2011,5
Homefront,PC,2011,5
Majesty 2 Collection,PC,2011,25
Sengoku,PC,2011,1
Way of the Samurai 4,PS3,2011,4
Bulletstorm,X360,2011,4
Bulletstorm,PS3,2011,4
Bulletstorm,PC,2011,4
Dungeon Siege III,PS3,2011,3
Dungeon Siege III,X360,2011,3
Dungeon Siege III,PC,2011,3
Airline Tycoon 2,PC,2011,6
Cities XL 2012,PC,2011,9
Rocksmith,PS3,2011,4
Rocksmith,X360,2011,4
Cities in Motion,PC,2011,6
The Cursed Crusade,PS3,2011,1
The Cursed Crusade,X360,2011,1
The Cursed Crusade,PC,2011,1
Take On Helicopters,PC,2011,2
Rayman Origins,PS3,2011,10
Rayman Origins,X360,2011,10
Rayman Origins,Wii,2011,10
Age of Empires Online,PC,2011,89
Dragon Age II,X360,2011,70
Dragon Age II,PS3,2011,70
Dragon Age II,PC,2011,70
F1 2011,PS3,2011,10
F1 2011,X360,2011,10
F1 2011,PC,2011,10
F1 2011,3DS,2011,10
F1 2011,PSV,2011,10
Virtua Tennis 4,PS3,2011,3
Virtua Tennis 4,X360,2011,3
Virtua Tennis 4,Wii,2011,3
Virtua Tennis 4,PC,2011,3
Darkspore,PC,2011,18
Crysis 2,X360,2011,18
Crysis 2,PS3,2011,18
Crysis 2,PC,2011,18
The Next BIG Thing,PC,2011,1
Ski Region Simulator,PC,2011,6
Gray Matter,PC,2011,13
Gray Matter,X360,2011,13
Wildlife Park 3,PC,2011,3
NBA 2K12,X360,2011,91
NBA 2K12,PS3,2011,91
NBA 2K12,Wii,2011,91
NBA 2K12,PSP,2011,91
NBA 2K12,PC,2011,91
Breach,PC,2011,3
Far Cry 3,PS3,2012,28
Far Cry 3,X360,2012,28
Far Cry 3,PC,2012,28
Sleeping Dogs,PS3,2012,23
Sleeping Dogs,X360,2012,23
Sleeping Dogs,PC,2012,23
Assassin's Creed III,PS3,2012,45
Assassin's Creed III,X360,2012,45
Assassin's Creed III,PC,2012,45
Assassin's Creed III,WiiU,2012,45
Dishonored,X360,2012,20
Dishonored,PS3,2012,20
Dishonored,PC,2012,20
The Binding of Isaac,PC,2012,32
LEGO The Lord of the Rings,X360,2012,8
LEGO The Lord of the Rings,PS3,2012,8
LEGO The Lord of the Rings,Wii,2012,8
LEGO The Lord of the Rings,3DS,2012,8
LEGO The Lord of the Rings,PSV,2012,8
LEGO The Lord of the Rings,PC,2012,8
LEGO The Lord of the Rings,DS,2012,8
DiRT Showdown,X360,2012,5
DiRT Showdown,PS3,2012,5
Borderlands 2,X360,2012,59
Borderlands 2,PS3,2012,59
Borderlands 2,PC,2012,59
Oil Rush,PC,2012,2
Sonic & All-Stars Racing Transformed,X360,2012,6
Sonic & All-Stars Racing Transformed,WiiU,2012,6
Sonic & All-Stars Racing Transformed,PS3,2012,6
Sonic & All-Stars Racing Transformed,PSV,2012,6
Sonic & All-Stars Racing Transformed,3DS,2012,6
Botanicula,PC,2012,3
Alan Wake,PC,2012,12
The Testament of Sherlock Holmes,PS3,2012,8
The Testament of Sherlock Holmes,PC,2012,8
The Testament of Sherlock Holmes,X360,2012,8
Trine 2,WiiU,2012,6
Euro Truck Simulator 2,PC,2012,42
Sniper Elite V2,PS3,2012,10
Sniper Elite V2,X360,2012,10
Darksiders II,PS3,2012,19
Darksiders II,X360,2012,19
Darksiders II,PC,2012,19
Darksiders II,WiiU,2012,19
Football Manager 2013,PC,2012,311
F1 2012,PS3,2012,59
F1 2012,X360,2012,59
F1 2012,PC,2012,59
Max Payne 3,PS3,2012,21
Max Payne 3,X360,2012,21
Max Payne 3,PC,2012,21
The Darkness II,X360,2012,7
The Darkness II,PS3,2012,7
The Darkness II,PC,2012,7
Farming Simulator 2013,PC,2012,67
Deponia,PC,2012,7
The Secret World,PC,2012,22
Binary Domain,PS3,2012,5
Binary Domain,X360,2012,5
Rayman Origins,PSV,2012,12
Rayman Origins,3DS,2012,12
Rayman Origins,PC,2012,12
Mechanic Escape,PS3,2012,2
NBA 2K13,X360,2012,51
NBA 2K13,PS3,2012,51
NBA 2K13,Wii,2012,51
NBA 2K13,WiiU,2012,51
NBA 2K13,PC,2012,51
F1 Race Stars,PS3,2012,5
F1 Race Stars,X360,2012,5
F1 Race Stars,PC,2012,5
Blades of Time,X360,2012,8
Blades of Time,PS3,2012,8
Street Fighter X Tekken,PS3,2012,4
Street Fighter X Tekken,X360,2012,4
Street Fighter X Tekken,PSV,2012,4
Street Fighter X Tekken,PC,2012,4
Pro Evolution Soccer 2013,PS3,2012,6
Pro Evolution Soccer 2013,X360,2012,6
Pro Evolution Soccer 2013,PSP,2012,6
Pro Evolution Soccer 2013,3DS,2012,6
Pro Evolution Soccer 2013,Wii,2012,6
Pro Evolution Soccer 2013,PC,2012,6
Far Cry 3,PS3,2012,18
Far Cry 3,X360,2012,18
Far Cry 3,PC,2012,18
Sleeping Dogs,PS3,2012,20
Sleeping Dogs,X360,2012,20
Sleeping Dogs,PC,2012,20
Assassin's Creed III,PS3,2012,23
Assassin's Creed III,X360,2012,23
Assassin's Creed III,PC,2012,23
Assassin's Creed III,WiiU,2012,23
Dishonored,X360,2012,13
Dishonored,PS3,2012,13
Dishonored,PC,2012,13
The Binding of Isaac,PC,2012,6
LEGO The Lord of the Rings,X360,2012,3
LEGO The Lord of the Rings,PS3,2012,3
LEGO The Lord of the Rings,Wii,2012,3
LEGO The Lord of the Rings,3DS,2012,3
LEGO The Lord of the Rings,PSV,2012,3
LEGO The Lord of the Rings,PC,2012,3
LEGO The Lord of the Rings,DS,2012,3
DiRT Showdown,X360,2012,4
DiRT Showdown,PS3,2012,4
Borderlands 2,X360,2012,22
Borderlands 2,PS3,2012,22
Borderlands 2,PC,2012,22
Oil Rush,PC,2012,1
Sonic & All-Stars Racing Transformed,X360,2012,2
Sonic & All-Stars Racing Transformed,WiiU,2012,2
Sonic & All-Stars Racing Transformed,PS3,2012,2
Sonic & All-Stars Racing Transformed,PSV,2012,2
Sonic & All-Stars Racing Transformed,3DS,2012,2
Botanicula,PC,2012,3
Alan Wake,PC,2012,3
The Testament of Sherlock Holmes,PS3,2012,3
The Testament of Sherlock Holmes,PC,2012,3
The Testament of Sherlock Holmes,X360,2012,3
Trine 2,WiiU,2012,3
Euro Truck Simulator 2,PC,2012,15
Sniper Elite V2,PS3,2012,3
Sniper Elite V2,X360,2012,3
Darksiders II,PS3,2012,14
Darksiders II,X360,2012,14
Darksiders II,PC,2012,14
Darksiders II,WiiU,2012,14
Football Manager 2013,PC,2012,144
F1 2012,PS3,2012,15
F1 2012,X360,2012,15
F1 2012,PC,2012,15
Max Payne 3,PS3,2012,11
Max Payne 3,X360,2012,11
Max Payne 3,PC,2012,11
The Darkness II,X360,2012,5
The Darkness II,PS3,2012,5
The Darkness II,PC,2012,5
Farming Simulator 2013,PC,2012,16
Deponia,PC,2012,5
The Secret World,PC,2012,11
Binary Domain,PS3,2012,1
Binary Domain,X360,2012,1
Rayman Origins,PSV,2012,10
Rayman Origins,3DS,2012,10
Rayman Origins,PC,2012,10
Mechanic Escape,PS3,2012,2
NBA 2K13,X360,2012,59
NBA 2K13,PS3,2012,59
NBA 2K13,Wii,2012,59
NBA 2K13,WiiU,2012,59
NBA 2K13,PC,2012,59
F1 Race Stars,PS3,2012,4
F1 Race Stars,X360,2012,4
F1 Race Stars,PC,2012,4
Blades of Time,X360,2012,2
Blades of Time,PS3,2012,2
Street Fighter X Tekken,PS3,2012,4
Street Fighter X Tekken,X360,2012,4
Street Fighter X Tekken,PSV,2012,4
Street Fighter X Tekken,PC,2012,4
Pro Evolution Soccer 2013,PS3,2012,6
Pro Evolution Soccer 2013,X360,2012,6
Pro Evolution Soccer 2013,PSP,2012,6
Pro Evolution Soccer 2013,3DS,2012,6
Pro Evolution Soccer 2013,Wii,2012,6
Pro Evolution Soccer 2013,PC,2012,6
BioShock Infinite,X360,2013,17
BioShock Infinite,PS3,2013,17
BioShock Infinite,PC,2013,17
Grand Theft Auto V,PS3,2013,85
Grand Theft Auto V,X360,2013,85
Saints Row IV,X360,2013,20
Saints Row IV,PS3,2013,20
Saints Row IV,PC,2013,20
GRID 2,PS3,2013,17
GRID 2,X360,2013,17
GRID 2,PC,2013,17
Sonic & All-Stars Racing Transformed,PC,2013,6
Deadpool,PS3,2013,10
Deadpool,X360,2013,10
Terraria,X360,2013,65
Terraria,PS3,2013,65
Terraria,PSV,2013,65
Sniper Elite V2,WiiU,2013,10
Company of Heroes 2,PC,2013,22
Defiance,X360,2013,15
Defiance,PS3,2013,15
Defiance,PC,2013,15
Football Manager 2014,PC,2013,392
Football Manager 2014,PSV,2013,392
Rayman Legends,WiiU,2013,21
Rayman Legends,PS3,2013,21
Rayman Legends,X360,2013,21
Farming Simulator 2013,X360,2013,67
Farming Simulator 2013,PS3,2013,67
Goodbye Deponia,PC,2013,4
Dead Rising 3,XOne,2013,12
X Rebirth,PC,2013,40
Rocksmith 2014,PS3,2013,69
Rocksmith 2014,X360,2013,69
Rocksmith 2014,PC,2013,69
Remember Me,PS3,2013,6
Remember Me,X360,2013,6
Remember Me,PC,2013,6
F1 2013,PS3,2013,47
F1 2013,X360,2013,47
NBA 2K14,X360,2013,93
NBA 2K14,PS3,2013,93
NBA 2K14,PS4,2013,93
NBA 2K14,XOne,2013,93
Lost Planet 3,PS3,2013,11
Lost Planet 3,X360,2013,11
Lost Planet 3,PC,2013,11
Killer is Dead,PS3,2013,2
Killer is Dead,X360,2013,2
The Inner World,PC,2013,1
Fairy Fencer F,PS3,2013,26
Contrast,PC,2013,4
The Night of the Rabbit,PC,2013,8
Pro Evolution Soccer 2014,PS3,2013,60
Pro Evolution Soccer 2014,X360,2013,60
Pro Evolution Soccer 2014,3DS,2013,60
Pro Evolution Soccer 2014,PSP,2013,60
Pro Evolution Soccer 2014,PC,2013,60
BioShock Infinite,X360,2013,12
BioShock Infinite,PS3,2013,12
BioShock Infinite,PC,2013,12
Grand Theft Auto V,PS3,2013,49
Grand Theft Auto V,X360,2013,49
Saints Row IV,X360,2013,14
Saints Row IV,PS3,2013,14
Saints Row IV,PC,2013,14
GRID 2,PS3,2013,10
GRID 2,X360,2013,10
GRID 2,PC,2013,10
Sonic & All-Stars Racing Transformed,PC,2013,2
Deadpool,PS3,2013,8
Deadpool,X360,2013,8
Terraria,X360,2013,20
Terraria,PS3,2013,20
Terraria,PSV,2013,20
Sniper Elite V2,WiiU,2013,3
Company of Heroes 2,PC,2013,13
Defiance,X360,2013,4
Defiance,PS3,2013,4
Defiance,PC,2013,4
Football Manager 2014,PC,2013,181
Football Manager 2014,PSV,2013,181
Rayman Legends,WiiU,2013,18
Rayman Legends,PS3,2013,18
Rayman Legends,X360,2013,18
Farming Simulator 2013,X360,2013,16
Farming Simulator 2013,PS3,2013,16
Goodbye Deponia,PC,2013,3
Dead Rising 3,XOne,2013,12
X Rebirth,PC,2013,7
Rocksmith 2014,PS3,2013,27
Rocksmith 2014,X360,2013,27
Rocksmith 2014,PC,2013,27
Remember Me,PS3,2013,5
Remember Me,X360,2013,5
Remember Me,PC,2013,5
F1 2013,PS3,2013,7
F1 2013,X360,2013,7
NBA 2K14,X360,2013,68
NBA 2K14,PS3,2013,68
NBA 2K14,PS4,2013,68
NBA 2K14,XOne,2013,68
Lost Planet 3,PS3,2013,5
Lost Planet 3,X360,2013,5
Lost Planet 3,PC,2013,5
Killer is Dead,PS3,2013,1
Killer is Dead,X360,2013,1
The Inner World,PC,2013,1
Fairy Fencer F,PS3,2013,28
Contrast,PC,2013,4
The Night of the Rabbit,PC,2013,8
Pro Evolution Soccer 2014,PS3,2013,28
Pro Evolution Soccer 2014,X360,2013,28
Pro Evolution Soccer 2014,3DS,2013,28
Pro Evolution Soccer 2014,PSP,2013,28
Pro Evolution Soccer 2014,PC,2013,28
Grand Theft Auto V,PS4,2014,85
Grand Theft Auto V,XOne,2014,85
Far Cry 4,PS4,2014,36
Far Cry 4,XOne,2014,36
Far Cry 4,PS3,2014,36
Far Cry 4,X360,2014,36
Far Cry 4,PC,2014,36
Sleeping Dogs,PS4,2014,23
Sleeping Dogs,XOne,2014,23
Sniper Elite 3,PS4,2014,21
Sniper Elite 3,XOne,2014,21
Sniper Elite 3,X360,2014,21
Sniper Elite 3,PS3,2014,21
Borderlands 2,PSV,2014,59
The Crew,PS4,2014,55
The Crew,XOne,2014,55
The Crew,X360,2014,55
The Crew,PC,2014,55
Terraria,PS4,2014,65
Terraria,XOne,2014,65
The Wolf Among Us,PS4,2014,10
The Wolf Among Us,PS3,2014,10
The Wolf Among Us,XOne,2014,10
The Wolf Among Us,PSV,2014,10
Tropico 5,PC,2014,19
Tropico 5,X360,2014,19
LEGO The Hobbit,PS4,2014,30
LEGO The Hobbit,PS3,2014,30
LEGO The Hobbit,X360,2014,30
LEGO The Hobbit,XOne,2014,30
LEGO The Hobbit,3DS,2014,30
LEGO The Hobbit,WiiU,2014,30
LEGO The Hobbit,PSV,2014,30
LEGO The Hobbit,PC,2014,30
Football Manager 2015,PC,2014,315
The Evil Within,PS4,2014,9
The Evil Within,PS3,2014,9
The Evil Within,XOne,2014,9
The Evil Within,X360,2014,9
The Evil Within,PC,2014,9
Rayman Legends,PS4,2014,21
Rayman Legends,XOne,2014,21
Rayman Legends,PSV,2014,21
NBA 2K15,PS4,2014,136
NBA 2K15,XOne,2014,136
NBA 2K15,X360,2014,136
NBA 2K15,PS3,2014,136
NASCAR '14,X360,2014,4
NASCAR '14,PS3,2014,4
GRID Autosport,PS3,2014,9
GRID Autosport,X360,2014,9
GRID Autosport,PC,2014,9
Child of Light,PSV,2014,8
Child of Light,PS4,2014,8
Pro Evolution Soccer 2015,PS4,2014,208
Pro Evolution Soccer 2015,PS3,2014,208
Pro Evolution Soccer 2015,XOne,2014,208
Pro Evolution Soccer 2015,X360,2014,208
Pro Evolution Soccer 2015,PC,2014,208
F1 2014,PS3,2014,9
F1 2014,X360,2014,9
F1 2014,PC,2014,9
Pillars of Eternity,PC,2014,37
Trials Fusion,PS4,2014,20
Trials Fusion,XOne,2014,20
Trials Fusion,PC,2014,20
Rocksmith 2014,PS4,2014,69
Rocksmith 2014,XOne,2014,69
WWE 2K15,PS4,2014,29
WWE 2K15,PS3,2014,29
WWE 2K15,X360,2014,29
WWE 2K15,XOne,2014,29
Bound By Flame,PS4,2014,12
Sacred 3,PS3,2014,26
Sacred 3,X360,2014,26
Sacred 3,PC,2014,26
Enemy Front,PS3,2014,11
Enemy Front,X360,2014,11
The Golf Club,PS4,2014,10
The Golf Club,XOne,2014,10
Lara Croft and the Temple of Osiris,PS4,2014,5
Lara Croft and the Temple of Osiris,PC,2014,5
Don Bradman Cricket 14,PS3,2014,89
Grand Theft Auto V,PS4,2014,49
Grand Theft Auto V,XOne,2014,49
Far Cry 4,PS4,2014,25
Far Cry 4,XOne,2014,25
Far Cry 4,PS3,2014,25
Far Cry 4,X360,2014,25
Far Cry 4,PC,2014,25
Sleeping Dogs,PS4,2014,20
Sleeping Dogs,XOne,2014,20
Sniper Elite 3,PS4,2014,7
Sniper Elite 3,XOne,2014,7
Sniper Elite 3,X360,2014,7
Sniper Elite 3,PS3,2014,7
Borderlands 2,PSV,2014,22
The Crew,PS4,2014,23
The Crew,XOne,2014,23
The Crew,X360,2014,23
The Crew,PC,2014,23
Terraria,PS4,2014,20
Terraria,XOne,2014,20
The Wolf Among Us,PS4,2014,8
The Wolf Among Us,PS3,2014,8
The Wolf Among Us,XOne,2014,8
The Wolf Among Us,PSV,2014,8
Tropico 5,PC,2014,17
Tropico 5,X360,2014,17
LEGO The Hobbit,PS4,2014,7
LEGO The Hobbit,PS3,2014,7
LEGO The Hobbit,X360,2014,7
LEGO The Hobbit,XOne,2014,7
LEGO The Hobbit,3DS,2014,7
LEGO The Hobbit,WiiU,2014,7
LEGO The Hobbit,PSV,2014,7
LEGO The Hobbit,PC,2014,7
Football Manager 2015,PC,2014,144
The Evil Within,PS4,2014,4
The Evil Within,PS3,2014,4
The Evil Within,XOne,2014,4
The Evil Within,X360,2014,4
The Evil Within,PC,2014,4
Rayman Legends,PS4,2014,18
Rayman Legends,XOne,2014,18
Rayman Legends,PSV,2014,18
NBA 2K15,PS4,2014,107
NBA 2K15,XOne,2014,107
NBA 2K15,X360,2014,107
NBA 2K15,PS3,2014,107
NASCAR '14,X360,2014,1
NASCAR '14,PS3,2014,1
GRID Autosport,PS3,2014,5
GRID Autosport,X360,2014,5
GRID Autosport,PC,2014,5
Child of Light,PSV,2014,8
Child of Light,PS4,2014,8
Pro Evolution Soccer 2015,PS4,2014,116
Pro Evolution Soccer 2015,PS3,2014,116
Pro Evolution Soccer 2015,XOne,2014,116
Pro Evolution Soccer 2015,X360,2014,116
Pro Evolution Soccer 2015,PC,2014,116
F1 2014,PS3,2014,5
F1 2014,X360,2014,5
F1 2014,PC,2014,5
Pillars of Eternity,PC,2014,29
Trials Fusion,PS4,2014,9
Trials Fusion,XOne,2014,9
Trials Fusion,PC,2014,9
Rocksmith 2014,PS4,2014,27
Rocksmith 2014,XOne,2014,27
WWE 2K15,PS4,2014,3
WWE 2K15,PS3,2014,3
WWE 2K15,X360,2014,3
WWE 2K15,XOne,2014,3
Bound By Flame,PS4,2014,3
Sacred 3,PS3,2014,5
Sacred 3,X360,2014,5
Sacred 3,PC,2014,5
Enemy Front,PS3,2014,8
Enemy Front,X360,2014,8
The Golf Club,PS4,2014,10
The Golf Club,XOne,2014,10
Lara Croft and the Temple of Osiris,PS4,2014,3
Lara Croft and the Temple of Osiris,PC,2014,3
Don Bradman Cricket 14,PS3,2014,89
Fallout 4,PS4,2015,64
Fallout 4,XOne,2015,64
Fallout 4,PC,2015,64
Ultra Street Fighter IV,PS4,2015,37
Grand Theft Auto V,PC,2015,85
Dying Light,PS4,2015,28
Dying Light,XOne,2015,28
Dying Light,PC,2015,28
Saints Row IV,PS4,2015,20
Saints Row IV,XOne,2015,20
The Talos Principle,PS4,2015,18
Dishonored,PS4,2015,20
Dishonored,XOne,2015,20
Deadpool,PS4,2015,10
Deadpool,XOne,2015,10
Project CARS,PS4,2015,14
Project CARS,XOne,2015,14
Project CARS,PC,2015,14
State of Decay,XOne,2015,14
Darksiders II,PS4,2015,19
Darksiders II,XOne,2015,19
Tropico 5,PS4,2015,19
LEGO Jurassic World,PS4,2015,16
LEGO Jurassic World,X360,2015,16
LEGO Jurassic World,PS3,2015,16
LEGO Jurassic World,XOne,2015,16
LEGO Jurassic World,3DS,2015,16
LEGO Jurassic World,WiiU,2015,16
LEGO Jurassic World,PSV,2015,16
LEGO Jurassic World,PC,2015,16
Football Manager 2016,PC,2015,85
Mortal Kombat X,PS4,2015,68
Mortal Kombat X,XOne,2015,68
Mortal Kombat X,PC,2015,68
Shovel Knight,3DS,2015,12
Shovel Knight,WiiU,2015,12
Shovel Knight,PS4,2015,12
Evolve,PS4,2015,23
Evolve,XOne,2015,23
Evolve,PC,2015,23
Wasteland 2,PS4,2015,22
Wasteland 2,PC,2015,22
Wasteland 2,XOne,2015,22
Just Cause 3,PS4,2015,15
Just Cause 3,XOne,2015,15
Just Cause 3,PC,2015,15
Tales of Zestiria,PS3,2015,28
Tales of Zestiria,PS4,2015,28
NBA 2K16,PS4,2015,83
NBA 2K16,XOne,2015,83
NBA 2K16,X360,2015,83
NBA 2K16,PS3,2015,83
NBA 2K16,PC,2015,83
Winning Post 8 2015,PSV,2015,127
Winning Post 8 2015,PS3,2015,127
Zombie Army Trilogy,PS4,2015,4
Zombie Army Trilogy,XOne,2015,4
Devil May Cry 4,PS4,2015,6
War for the Overworld,PC,2015,10
Assassin's Creed Syndicate,PS4,2015,32
Assassin's Creed Syndicate,XOne,2015,32
Assassin's Creed Syndicate,PC,2015,32
Act of Aggression,PC,2015,4
F1 2015,PS4,2015,19
F1 2015,XOne,2015,19
F1 2015,PC,2015,19
Rugby League Team Manager 2015,PC,2015,10
Pro Evolution Soccer 2016,PS4,2015,55
Pro Evolution Soccer 2016,PS3,2015,55
Pro Evolution Soccer 2016,XOne,2015,55
Pro Evolution Soccer 2016,X360,2015,55
Pro Evolution Soccer 2016,PC,2015,55
Anno 2205,PC,2015,22
Shantae and the Pirate's Curse,3DS,2015,5
MX vs. ATV Supercross Encore,PS4,2015,4
MX vs. ATV Supercross Encore,XOne,2015,4
The Book of Unwritten Tales 2,PS4,2015,14
Don Bradman Cricket 14,PS4,2015,89
Don Bradman Cricket 14,XOne,2015,89
Fallout 4,PS4,2015,46
Fallout 4,XOne,2015,46
Fallout 4,PC,2015,46
Ultra Street Fighter IV,PS4,2015,4
Grand Theft Auto V,PC,2015,49
Dying Light,PS4,2015,23
Dying Light,XOne,2015,23
Dying Light,PC,2015,23
Saints Row IV,PS4,2015,14
Saints Row IV,XOne,2015,14
The Talos Principle,PS4,2015,7
Dishonored,PS4,2015,13
Dishonored,XOne,2015,13
Deadpool,PS4,2015,8
Deadpool,XOne,2015,8
Project CARS,PS4,2015,10
Project CARS,XOne,2015,10
Project CARS,PC,2015,10
State of Decay,XOne,2015,4
Darksiders II,PS4,2015,14
Darksiders II,XOne,2015,14
Tropico 5,PS4,2015,17
LEGO Jurassic World,PS4,2015,12
LEGO Jurassic World,X360,2015,12
LEGO Jurassic World,PS3,2015,12
LEGO Jurassic World,XOne,2015,12
LEGO Jurassic World,3DS,2015,12
LEGO Jurassic World,WiiU,2015,12
LEGO Jurassic World,PSV,2015,12
LEGO Jurassic World,PC,2015,12
Football Manager 2016,PC,2015,53
Mortal Kombat X,PS4,2015,13
Mortal Kombat X,XOne,2015,13
Mortal Kombat X,PC,2015,13
Shovel Knight,3DS,2015,6
Shovel Knight,WiiU,2015,6
Shovel Knight,PS4,2015,6
Evolve,PS4,2015,12
Evolve,XOne,2015,12
Evolve,PC,2015,12
Wasteland 2,PS4,2015,18
Wasteland 2,PC,2015,18
Wasteland 2,XOne,2015,18
Just Cause 3,PS4,2015,11
Just Cause 3,XOne,2015,11
Just Cause 3,PC,2015,11
Tales of Zestiria,PS3,2015,28
Tales of Zestiria,PS4,2015,28
NBA 2K16,PS4,2015,36
NBA 2K16,XOne,2015,36
NBA 2K16,X360,2015,36
NBA 2K16,PS3,2015,36
NBA 2K16,PC,2015,36
Winning Post 8 2015,PSV,2015,127
Winning Post 8 2015,PS3,2015,127
Zombie Army Trilogy,PS4,2015,1
Zombie Army Trilogy,XOne,2015,1
Devil May Cry 4,PS4,2015,4
War for the Overworld,PC,2015,11
Assassin's Creed Syndicate,PS4,2015,35
Assassin's Creed Syndicate,XOne,2015,35
Assassin's Creed Syndicate,PC,2015,35
Act of Aggression,PC,2015,3
F1 2015,PS4,2015,11
F1 2015,XOne,2015,11
F1 2015,PC,2015,11
Rugby League Team Manager 2015,PC,2015,10
Pro Evolution Soccer 2016,PS4,2015,50
Pro Evolution Soccer 2016,PS3,2015,50
Pro Evolution Soccer 2016,XOne,2015,50
Pro Evolution Soccer 2016,X360,2015,50
Pro Evolution Soccer 2016,PC,2015,50
Anno 2205,PC,2015,22
Shantae and the Pirate's Curse,3DS,2015,6
MX vs. ATV Supercross Encore,PS4,2015,4
MX vs. ATV Supercross Encore,XOne,2015,4
The Book of Unwritten Tales 2,PS4,2015,14
Don Bradman Cricket 14,PS4,2015,89
Don Bradman Cricket 14,XOne,2015,89
7 Days to Die,PS4,2016,42
7 Days to Die,XOne,2016,42
Rocket League,PS4,2016,53
Rocket League,XOne,2016,53
Rocket League,PC,2016,53
Goat Simulator,XOne,2016,7
Prison Architect,PS4,2016,27
Prison Architect,XOne,2016,27
Valkyria Chronicles,PS4,2016,10
Terraria,3DS,2016,65
Terraria,WiiU,2016,65
This War of Mine,PS4,2016,13
DiRT Rally,PS4,2016,11
DiRT Rally,XOne,2016,11
DiRT Rally,PC,2016,11
Dead Rising 2,PS4,2016,6
Dead Rising 2,XOne,2016,6
Assetto Corsa,PS4,2016,16
Assetto Corsa,XOne,2016,16
Dungeons 2,PS4,2016,14
Republique,PS4,2016,4
The Book of Unwritten Tales 2,WiiU,2016,14
Azure Striker Gunvolt,3DS,2016,6
Mega Man Legacy Collection,3DS,2016,6
Mega Man Legacy Collection,PS4,2016,6
7 Days to Die,PS4,2016,11
7 Days to Die,XOne,2016,11
Rocket League,PS4,2016,19
Rocket League,XOne,2016,19
Rocket League,PC,2016,19
Goat Simulator,XOne,2016,2
Prison Architect,PS4,2016,13
Prison Architect,XOne,2016,13
Valkyria Chronicles,PS4,2016,5
Terraria,3DS,2016,20
Terraria,WiiU,2016,20
This War of Mine,PS4,2016,11
DiRT Rally,PS4,2016,7
DiRT Rally,XOne,2016,7
DiRT Rally,PC,2016,7
Dead Rising 2,PS4,2016,5
Dead Rising 2,XOne,2016,5
Assetto Corsa,PS4,2016,11
Assetto Corsa,XOne,2016,11
Dungeons 2,PS4,2016,14
Republique,PS4,2016,4
The Book of Unwritten Tales 2,WiiU,2016,14
Azure Striker Gunvolt,3DS,2016,6
Mega Man Legacy Collection,3DS,2016,6
Mega Man Legacy Collection,PS4,2016,6
Tropico 4,X360,,25
TERA,PC,,20
GRID,DS,,23
GRID,PC,,23
Bejeweled 3,DS,,15
Bejeweled 3,PS3,,15
Bejeweled 3,X360,,15
Singularity,X360,,10
Singularity,PS3,,10
BioShock 2,PC,,8
Homeworld Remastered Collection,PC,,11
Test Drive Unlimited 2,X360,,29
Test Drive Unlimited 2,PS3,,29
Test Drive Unlimited 2,PC,,29
Street Fighter IV,PC,,9
Rocksmith,PC,,13
Port Royale 3,PS3,,16
Port Royale 3,X360,,16
Clockwork Empires,PC,,9
RollerCoaster Tycoon,PC,,1
Tropico 4,X360,,14
TERA,PC,,5
GRID,DS,,3
GRID,PC,,3
Bejeweled 3,DS,,6
Bejeweled 3,PS3,,6
Bejeweled 3,X360,,6
Singularity,X360,,10
Singularity,PS3,,10
BioShock 2,PC,,5
Homeworld Remastered Collection,PC,,5
Test Drive Unlimited 2,X360,,8
Test Drive Unlimited 2,PS3,,8
Test Drive Unlimited 2,PC,,8
Street Fighter IV,PC,,9
Rocksmith,PC,,4
Port Royale 3,PS3,,5
Port Royale 3,X360,,5
Clockwork Empires,PC,,9
RollerCoaster Tycoon,PC,,1